ISBN,Title,Average Rating,Total Number of Reviews
0000000000,Ecos De Paris,,
0000000000,애거서크리스티 A to Z,,
0000000001,Ecos De Paris,,
0000000001,애거서크리스티 A to Z,,
0000000002,Ecos De Paris,,
0000000002,애거서크리스티 A to Z,,
0000000003,Ecos De Paris,,
0000000003,애거서크리스티 A to Z,,
0000000004,Ecos De Paris,,
0000000004,애거서크리스티 A to Z,,
0000000005,Ecos De Paris,,
0000000005,애거서크리스티 A to Z,,
0000000006,Ecos De Paris,,
0000000006,애거서크리스티 A to Z,,
0000000007,Ecos De Paris,,
0000000007,애거서크리스티 A to Z,,
0000000008,Ecos De Paris,,
0000000008,애거서크리스티 A to Z,,
0000000009,Ecos De Paris,,
0000000009,애거서크리스티 A to Z,,
0000000020,Les idées pédagogiques de Tolstoï,,
0000000021,Les idées pédagogiques de Tolstoï,,
0000000022,Les idées pédagogiques de Tolstoï,,
0000000023,Les idées pédagogiques de Tolstoï,,
0000000024,Les idées pédagogiques de Tolstoï,,
0000000025,Les idées pédagogiques de Tolstoï,,
0000000026,Les idées pédagogiques de Tolstoï,,
0000000027,Les idées pédagogiques de Tolstoï,,
0000000028,Les idées pédagogiques de Tolstoï,,
0000000029,Les idées pédagogiques de Tolstoï,,
